local_rank,global_rank,team_code,team_name,elo_rating,rank_max,rating_max,rank_avg,rating_avg,rank_min,rating_min,rank_chg_3m,rating_chg_3m,rank_chg_6m,rating_chg_6m,rank_chg_1y,rating_chg_1y,rank_chg_2y,rating_chg_2y,rank_chg_5y,rating_chg_5y,rank_chg_10y,rating_chg_10y,matches_total,matches_home,matches_away,matches_neutral,matches_wins,matches_losses,matches_draws,goals_for,goals_against
global_rank,team_code,team_name,,elo_rating,rank_max,rating_max,rank_avg,rating_avg,rank_min,rating_min,,,,,,,,,,,,,matches_total,matches_home,matches_away,matches_neutral,matches_wins,matches_losses,matches_draws,goals_for,goals_against
1,ES,Spain,,2182,1,2182,7,1945,19,1805,0.0,25.0,0.0,32.0,0.0,16.0,5.0,154.0,4.0,156.0,4.0,188.0,776,337,301,138,459,138,179,1582,695
2,AR,Argentina,,2111,1,2171,5,1985,27,1750,0.0,21.0,0.0,29.0,0.0,28.0,1.0,58.0,5.0,133.0,2.0,107.0,1109,382,418,309,607,230,272,2110,1140
3,FR,France,,2052,1,2136,16,1792,41,1508,0.0,4.0,0.0,21.0,0.0,11.0,1.0,72.0,1.0,36.0,5.0,103.0,932,471,339,122,468,269,195,1687,1269
4,PT,Portugal,,2026,2,2060,19,1796,41,1624,0.0,4.0,2.0,38.0,2.0,42.0,0.0,5.0,0.0,20.0,5.0,97.0,690,319,259,112,344,188,158,1211,776
5,EN,England,,2024,1,2213,4,1982,17,1809,1.0,40.0,1.0,13.0,3.0,53.0,0.0,6.0,6.0,60.0,2.0,68.0,1156,507,522,127,680,215,261,2709,1118
6,CO,Colombia,,1989,3,2070,49,1617,103,1303,2.0,38.0,3.0,37.0,2.0,42.0,5.0,48.0,0.0,3.0,0.0,19.0,647,184,230,233,263,205,179,838,742
7,BR,Brazil,,1978,1,2194,4,1998,20,1805,2.0,23.0,2.0,15.0,2.0,35.0,4.0,75.0,6.0,126.0,5.0,45.0,1061,372,346,343,669,170,222,2287,948
8,NL,Netherlands,,1966,1,2155,15,1848,55,1553,1.0,9.0,0.0,0.0,1.0,26.0,0.0,1.0,0.0,7.0,4.0,74.0,897,426,357,114,463,239,195,1884,1139
9,EC,Ecuador,,1930,9,1933,65,1522,121,1183,2.0,25.0,4.0,20.0,7.0,64.0,6.0,54.0,19.0,167.0,6.0,48.0,594,183,209,202,182,254,158,715,901
10,HR,Croatia,,1928,4,2016,12,1881,28,1780,1.0,1.0,2.0,16.0,2.0,15.0,0.0,20.0,5.0,32.0,10.0,134.0,394,155,166,73,206,82,106,685,394
11,DK,Denmark,,1917,1,2074,20,1798,60,1541,5.0,52.0,4.0,55.0,6.0,54.0,5.0,46.0,2.0,9.0,20.0,172.0,899,411,394,94,418,297,184,1640,1212
12,UY,Uruguay,,1913,1,2103,12,1876,44,1633,0.0,12.0,2.0,8.0,1.0,5.0,3.0,37.0,0.0,18.0,2.0,15.0,1018,337,431,250,447,321,250,1614,1255
13,IT,Italy,,1904,1,2133,8,1916,23,1607,1.0,23.0,2.0,10.0,4.0,36.0,1.0,35.0,4.0,68.0,1.0,17.0,898,405,322,171,478,176,244,1575,889
14,DE,Germany,,1892,1,2223,8,1910,25,1637,4.0,22.0,8.0,96.0,7.0,83.0,1.0,24.0,4.0,73.0,13.0,193.0,1040,466,413,161,599,224,217,2331,1227
14,CH,Switzerland,,1892,9,1933,27,1688,56,1485,5.0,47.0,10.0,80.0,6.0,69.0,3.0,48.0,2.0,22.0,5.0,87.0,890,422,390,78,317,372,201,1326,1476
16,NO,Norway,,1872,6,1946,38,1622,85,1364,1.0,6.0,6.0,44.0,17.0,117.0,18.0,128.0,16.0,118.0,29.0,209.0,882,423,407,52,332,354,196,1364,1439
17,JP,Japan,,1870,9,1912,62,1464,116,1126,4.0,12.0,3.0,5.0,2.0,5.0,3.0,29.0,18.0,124.0,15.0,126.0,831,329,204,298,404,257,170,1507,982
18,BE,Belgium,,1864,1,2158,24,1754,70,1503,0.0,18.0,1.0,21.0,5.0,45.0,11.0,119.0,15.0,220.0,7.0,54.0,872,414,373,85,388,302,182,1585,1355
19,TR,Turkey,,1860,9,1899,43,1610,77,1358,4.0,24.0,1.0,23.0,1.0,25.0,14.0,113.0,9.0,97.0,1.0,54.0,662,287,296,79,260,248,154,936,959
20,MX,Mexico,,1846,4,1984,20,1782,48,1497,3.0,15.0,3.0,29.0,3.0,45.0,0.0,6.0,6.0,70.0,7.0,45.0,1020,293,271,456,529,257,234,1813,1052
21,PY,Paraguay,,1832,5,1955,23,1754,51,1618,3.0,8.0,6.0,33.0,13.0,91.0,22.0,121.0,6.0,63.0,13.0,103.0,785,214,364,207,275,301,209,999,1110
22,AT,Austria,,1829,1,2068,20,1810,74,1549,3.0,16.0,4.0,8.0,8.0,47.0,3.0,16.0,3.0,47.0,6.0,15.0,860,427,382,51,367,310,183,1549,1317
23,MA,Morocco,,1825,11,1924,43,1656,87,1510,2.0,13.0,3.0,19.0,2.0,40.0,3.0,15.0,21.0,157.0,49.0,279.0,712,309,218,185,350,163,199,1067,606
24,RU,Russia,,1808,1,2084,24,1741,50,1449,4.0,16.0,4.0,18.0,1.0,23.0,6.0,54.0,1.0,10.0,1.0,26.0,808,307,382,119,429,172,207,1472,774
24,SN,Senegal,,1808,21,1808,57,1589,107,1387,5.0,24.0,6.0,50.0,7.0,49.0,11.0,66.0,9.0,58.0,24.0,156.0,691,221,255,215,309,191,191,940,664
26,UA,Ukraine,,1797,15,1871,31,1743,66,1556,1.0,2.0,1.0,12.0,1.0,14.0,9.0,47.0,9.0,61.0,9.0,16.0,334,134,143,57,151,88,95,471,349
27,AU,Australia,,1792,11,1878,35,1667,77,1470,3.0,18.0,11.0,57.0,9.0,52.0,2.0,14.0,11.0,80.0,13.0,94.0,631,269,223,139,324,177,130,1283,709
28,CA,Canada,,1790,21,1841,48,1604,91,1487,3.0,21.0,1.0,11.0,1.0,14.0,10.0,71.0,31.0,190.0,51.0,280.0,480,146,200,134,188,181,111,620,610
29,RS,Serbia,,1775,2,2017,20,1787,47,1514,8.0,63.0,13.0,69.0,7.0,32.0,6.0,49.0,1.0,12.0,6.0,49.0,856,299,421,136,401,264,191,1608,1165
30,KR,South Korea,,1773,15,1847,35,1689,84,1442,4.0,20.0,2.0,28.0,2.0,8.0,2.0,7.0,4.0,2.0,9.0,12.0,1051,352,255,444,574,219,258,1917,964
31,SQ,Scotland,,1771,1,2104,14,1879,64,1599,9.0,54.0,3.0,29.0,13.0,63.0,7.0,43.0,10.0,84.0,8.0,71.0,862,400,411,51,409,265,188,1482,1066
32,IR,Iran,,1763,15,1852,41,1657,79,1451,6.0,37.0,12.0,66.0,13.0,68.0,10.0,67.0,2.0,16.0,6.0,39.0,667,222,196,249,381,131,155,1272,523
33,GR,Greece,,1760,7,1933,49,1558,90,1273,12.0,78.0,13.0,69.0,13.0,63.0,12.0,51.0,22.0,140.0,21.0,139.0,652,296,294,62,250,248,154,830,903
34,SI,Slovenia,,1735,26,1777,53,1627,76,1523,1.0,17.0,1.0,9.0,3.0,24.0,7.0,23.0,21.0,115.0,19.0,112.0,314,143,141,30,116,114,84,398,367
35,CZ,Czech Republic,,1731,1,2034,13,1855,46,1669,1.0,19.0,4.0,25.0,1.0,10.0,3.0,18.0,1.0,8.0,10.0,34.0,878,356,416,106,422,261,195,1613,1093
36,PA,Panama,,1723,27,1773,99,1360,142,1150,4.0,38.0,4.0,0.0,6.0,10.0,2.0,4.0,36.0,175.0,8.0,51.0,589,200,225,164,195,251,143,731,903
37,PL,Poland,,1722,2,2082,30,1712,63,1520,11.0,40.0,9.0,18.0,0.0,11.0,6.0,11.0,18.0,109.0,9.0,31.0,916,393,408,115,398,294,224,1554,1232
38,HU,Hungary,,1718,1,2233,20,1835,74,1529,6.0,17.0,6.0,3.0,14.0,68.0,19.0,124.0,1.0,8.0,8.0,57.0,1029,464,491,74,485,323,221,2070,1522
39,VE,Venezuela,,1715,18,1829,84,1430,123,1217,2.0,30.0,5.0,27.0,9.0,50.0,9.0,39.0,15.0,72.0,12.0,75.0,477,179,178,120,127,244,106,516,869
40,UZ,Uzbekistan,,1713,25,1772,60,1595,91,1433,2.0,7.0,7.0,17.0,7.0,15.0,17.0,89.0,26.0,142.0,12.0,83.0,359,127,128,104,177,110,72,626,394
41,US,USA,,1712,9,1890,41,1641,92,1415,4.0,16.0,0.0,10.0,1.0,16.0,15.0,93.0,4.0,15.0,15.0,47.0,821,483,253,85,364,284,173,1237,1064
42,PE,Peru,,1702,10,1916,35,1678,76,1484,4.0,41.0,3.0,22.0,5.0,31.0,15.0,85.0,24.0,142.0,20.0,81.0,706,268,252,186,229,303,174,857,985
43,DZ,Algeria,,1701,18,1808,47,1623,108,1390,0.0,4.0,2.0,8.0,5.0,16.0,2.0,11.0,12.0,55.0,0.0,28.0,675,262,233,180,302,195,178,1029,699
44,CL,Chile,,1697,2,2040,29,1677,60,1384,3.0,9.0,3.0,25.0,6.0,22.0,4.0,16.0,22.0,108.0,41.0,321.0,851,329,307,215,317,346,188,1191,1213
45,WA,Wales,,1692,3,1909,22,1671,84,1403,6.0,34.0,9.0,44.0,0.0,13.0,1.0,13.0,24.0,117.0,3.0,13.0,729,342,355,32,234,331,164,907,1170
46,SK,Slovakia,,1690,17,1776,40,1681,67,1567,5.0,25.0,3.0,6.0,3.0,22.0,4.0,59.0,3.0,50.0,11.0,36.0,367,153,170,44,149,132,86,518,457
47,BO,Bolivia,,1689,21,1795,60,1508,92,1244,5.0,25.0,5.0,38.0,4.0,21.0,17.0,113.0,13.0,104.0,10.0,79.0,528,186,202,140,120,288,120,544,1040
48,GE,Georgia,,1685,31,1754,70,1552,104,1434,7.0,25.0,5.0,31.0,2.0,19.0,1.0,48.0,17.0,110.0,40.0,198.0,315,137,146,32,105,144,66,407,435
49,RO,Romania,,1677,5,1945,29,1718,65,1501,0.0,4.0,1.0,8.0,10.0,52.0,1.0,46.0,3.0,18.0,22.0,81.0,792,330,370,92,353,242,197,1292,1004
50,SE,Sweden,,1674,2,2013,16,1796,50,1581,17.0,86.0,14.0,62.0,9.0,49.0,14.0,65.0,30.0,142.0,20.0,74.0,1116,486,500,130,549,333,234,2222,1470
51,AL,Albania,,1673,38,1673,73,1503,116,1363,5.0,46.0,3.0,40.0,2.0,19.0,3.0,12.0,24.0,148.0,5.0,55.0,404,189,183,32,115,204,85,394,597
52,CR,Costa Rica,,1672,9,1866,35,1690,76,1480,6.0,21.0,1.0,19.0,0.0,6.0,6.0,49.0,1.0,51.0,28.0,96.0,785,258,281,246,356,240,189,1366,908
53,EG,Egypt,,1668,12,1872,36,1665,70,1530,3.0,2.0,3.0,2.0,4.0,11.0,6.0,9.0,8.0,84.0,4.0,17.0,860,350,279,231,438,211,211,1512,896
54,KO,Kosovo,,1664,53,1664,103,1415,119,1364,5.0,56.0,6.0,66.0,22.0,129.0,27.0,174.0,26.0,162.0,58.0,277.0,103,46,37,20,40,41,22,145,140
55,TN,Tunisia,,1643,23,1759,47,1617,87,1438,3.0,30.0,3.0,32.0,0.0,14.0,18.0,87.0,4.0,18.0,19.0,110.0,760,333,249,178,325,226,209,1083,821
56,NM,North Macedonia,,1624,40,1668,74,1533,110,1401,3.0,11.0,0.0,10.0,3.0,20.0,12.0,68.0,11.0,62.0,45.0,191.0,299,140,129,30,95,128,76,363,396
57,IL,Israel,,1620,24,1769,49,1619,82,1428,2.0,9.0,4.0,24.0,15.0,73.0,1.0,5.0,7.0,42.0,8.0,41.0,519,249,209,61,195,207,117,796,760
58,JO,Jordan,,1615,43,1671,113,1312,153,1091,1.0,7.0,3.0,16.0,2.0,3.0,8.0,56.0,29.0,140.0,10.0,56.0,568,200,188,180,198,217,153,701,697
59,ML,Mali,,1613,43,1651,70,1523,129,1302,3.0,11.0,2.0,0.0,6.0,24.0,7.0,16.0,9.0,56.0,12.0,60.0,618,195,230,193,250,204,164,824,710
60,IE,Ireland,,1607,4,1918,24,1625,63,1237,6.0,26.0,7.0,27.0,2.0,7.0,0.0,9.0,18.0,77.0,27.0,136.0,736,375,302,59,258,287,191,965,1156
61,EI,Northern Ireland,,1606,14,1852,40,1654,110,1397,8.0,45.0,9.0,50.0,12.0,62.0,30.0,156.0,4.0,11.0,1.0,16.0,606,275,294,37,170,287,149,641,921
62,NG,Nigeria,,1605,16,1828,38,1668,74,1494,5.0,28.0,6.0,46.0,1.0,9.0,3.0,15.0,22.0,94.0,12.0,41.0,703,241,260,202,323,179,201,1051,714
63,HN,Honduras,,1603,23,1789,63,1500,112,1327,2.0,18.0,4.0,43.0,14.0,75.0,18.0,113.0,10.0,18.0,13.0,74.0,664,212,215,237,263,230,171,962,853
64,CI,Cote d'Ivoire,,1599,15,1866,45,1641,75,1478,0.0,12.0,1.0,8.0,4.0,4.0,11.0,29.0,7.0,18.0,27.0,126.0,684,241,235,208,343,164,177,1114,688
65,CD,DR Congo,,1597,20,1785,62,1557,112,1391,1.0,13.0,0.0,30.0,8.0,8.0,9.0,82.0,17.0,103.0,19.0,95.0,538,166,225,147,220,170,148,823,638
66,NZ,New Zealand,,1592,31,1648,65,1506,100,1364,5.0,11.0,5.0,4.0,0.0,11.0,6.0,66.0,17.0,107.0,16.0,86.0,435,133,189,113,180,176,79,762,638
67,SA,Saudi Arabia,,1585,30,1728,75,1503,125,1255,1.0,17.0,1.0,24.0,2.0,23.0,3.0,40.0,3.0,31.0,13.0,76.0,812,318,150,344,389,235,188,1262,866
68,IQ,Iraq,,1579,23,1739,48,1620,98,1452,4.0,30.0,6.0,41.0,15.0,75.0,6.0,20.0,16.0,43.0,15.0,74.0,751,138,232,381,353,187,211,1188,698
68,CM,Cameroon,,1579,14,1850,52,1605,80,1442,5.0,15.0,4.0,10.0,8.0,24.0,13.0,47.0,5.0,3.0,11.0,31.0,653,184,245,224,283,169,201,944,705
70,AO,Angola,,1566,52,1625,87,1453,161,1212,10.0,39.0,6.0,32.0,6.0,25.0,38.0,179.0,46.0,208.0,25.0,107.0,470,165,185,120,173,138,159,568,483
71,IS,Iceland,,1558,18,1841,81,1424,128,1258,0.0,8.0,6.0,27.0,1.0,1.0,8.0,67.0,24.0,96.0,30.0,132.0,520,216,247,57,159,259,102,630,872
72,CV,Cabo Verde,,1550,65,1580,120,1301,147,1172,6.0,31.0,8.0,45.0,11.0,59.0,15.0,76.0,33.0,149.0,2.0,6.0,246,79,91,76,94,95,57,263,271
73,AE,UAE,,1547,37,1691,98,1395,163,979,1.0,11.0,1.0,7.0,6.0,29.0,11.0,60.0,24.0,109.0,19.0,74.0,655,284,139,232,260,229,166,918,805
74,FI,Finland,,1542,14,1756,62,1500,120,1245,4.0,13.0,1.0,3.0,7.0,27.0,20.0,85.0,31.0,139.0,15.0,61.0,819,335,427,57,215,438,166,964,1691
75,JM,Jamaica,,1539,38,1700,82,1419,134,1221,2.0,7.0,7.0,20.0,18.0,66.0,14.0,68.0,14.0,45.0,14.0,54.0,715,273,267,175,279,270,166,963,939
76,BF,Burkina Faso,,1528,56,1619,98,1402,137,1265,5.0,26.0,5.0,29.0,2.0,13.0,9.0,30.0,5.0,22.0,28.0,102.0,483,152,186,145,165,189,129,596,664
77,ZA,South Africa,,1526,7,1847,32,1706,99,1449,2.0,1.0,18.0,74.0,6.0,23.0,4.0,2.0,0.0,16.0,4.0,15.0,517,272,161,84,228,138,151,708,532
78,GT,Guatemala,,1525,30,1641,68,1486,108,1382,3.0,0.0,6.0,31.0,2.0,19.0,1.0,34.0,9.0,50.0,21.0,77.0,621,203,180,238,224,231,166,871,838
79,BA,Bosnia and Herzegovina,,1520,20,1807,53,1626,90,1468,2.0,2.0,0.0,5.0,7.0,49.0,8.0,11.0,34.0,147.0,50.0,229.0,275,115,134,26,103,111,61,387,381
80,GH,Ghana,,1514,10,1880,41,1653,101,1424,5.0,36.0,8.0,50.0,11.0,62.0,17.0,64.0,30.0,118.0,34.0,147.0,769,243,291,235,368,207,194,1236,797
81,QA,Qatar,,1503,24,1774,93,1418,164,965,2.0,15.0,0.0,4.0,13.0,62.0,5.0,4.0,33.0,144.0,14.0,70.0,687,320,145,222,287,227,173,986,811
82,OM,Oman,,1500,50,1656,128,1208,182,780,0.0,1.0,7.0,36.0,0.0,5.0,17.0,73.0,1.0,1.0,4.0,17.0,584,225,143,216,221,214,149,752,771
83,HT,Haiti,,1498,36,1674,80,1419,129,1265,3.0,31.0,12.0,56.0,5.0,26.0,6.0,2.0,14.0,58.0,2.0,3.0,559,182,197,180,245,197,117,957,759
84,GA,Gabon,,1492,59,1592,95,1413,124,1268,3.0,31.0,3.0,25.0,9.0,47.0,16.0,76.0,11.0,48.0,2.0,5.0,456,184,153,119,159,169,128,543,551
85,GN,Guinea,,1480,21,1772,72,1516,128,1303,7.0,29.0,8.0,29.0,1.0,4.0,11.0,52.0,11.0,40.0,8.0,41.0,643,173,264,206,250,210,183,949,802
86,BY,Belarus,,1464,44,1666,80,1506,120,1351,3.0,28.0,1.0,27.0,3.0,3.0,9.0,30.0,7.0,39.0,20.0,113.0,302,103,155,44,88,137,77,337,439
87,NS,South Sudan,,1456,64,1486,84,1462,103,1429,2.0,0.0,5.0,0.0,3.0,0.0,2.0,0.0,5.0,0.0,10.0,1.0,17,5,3,9,9,6,2,30,23
88,GQ,Equatorial Guinea,,1452,61,1603,151,1156,188,1008,4.0,28.0,2.0,38.0,13.0,87.0,10.0,40.0,45.0,154.0,35.0,108.0,188,80,64,44,54,91,43,177,278
89,BJ,Benin,,1450,57,1540,109,1356,168,1131,9.0,40.0,11.0,39.0,11.0,31.0,27.0,91.0,3.0,26.0,27.0,73.0,346,129,143,74,85,177,84,362,607
90,PS,Palestine,,1446,65,1458,122,1245,167,1155,2.0,12.0,6.0,21.0,15.0,47.0,10.0,30.0,16.0,47.0,40.0,122.0,284,18,111,155,80,130,74,361,448
91,BH,Bahrain,,1444,51,1638,109,1348,155,1075,2.0,2.0,8.0,53.0,6.0,31.0,5.0,35.0,18.0,94.0,13.0,18.0,628,217,158,253,222,241,165,776,808
92,ME,Montenegro,,1443,34,1720,60,1601,93,1443,12.0,71.0,14.0,85.0,12.0,63.0,23.0,103.0,18.0,91.0,29.0,143.0,168,88,75,5,55,71,42,194,230
93,SY,Syria,,1442,52,1618,87,1427,123,1260,1.0,0.0,1.0,4.0,3.0,3.0,9.0,30.0,8.0,41.0,12.0,65.0,586,125,217,244,220,222,144,850,746
94,SR,Suriname,,1441,26,1592,85,1404,170,1160,12.0,54.0,9.0,39.0,20.0,75.0,43.0,138.0,35.0,129.0,74.0,272.0,534,223,222,89,233,174,127,960,726
95,CW,Curacao,,1436,26,1619,97,1381,188,1011,8.0,39.0,34.0,112.0,36.0,113.0,28.0,96.0,6.0,23.0,80.0,316.0,487,172,168,147,199,168,120,863,747
96,UG,Uganda,,1433,29,1625,74,1485,130,1306,15.0,50.0,12.0,42.0,8.0,28.0,15.0,52.0,20.0,86.0,9.0,55.0,726,249,255,222,303,232,191,1099,867
97,BG,Bulgaria,,1428,7,1901,41,1633,97,1312,6.0,24.0,7.0,32.0,9.0,40.0,0.0,3.0,19.0,76.0,33.0,156.0,767,294,396,77,278,298,191,1053,1139
97,GM,Gambia,,1428,89,1456,118,1308,143,1192,9.0,41.0,19.0,54.0,20.0,67.0,3.0,11.0,23.0,83.0,31.0,102.0,296,108,99,89,81,134,81,315,425
99,KD,Kurdistan,,1424,94,1424,101,1424,108,1402,2.0,0.0,1.0,0.0,1.0,0.0,1.0,0.0,1.0,0.0,7.0,0.0,4,2,0,2,3,0,1,12,3
100,TT,Trinidad and Tobago,,1419,11,1661,61,1506,126,1306,1.0,12.0,5.0,11.0,5.0,20.0,5.0,18.0,20.0,74.0,40.0,175.0,868,345,363,160,377,301,190,1448,1113
100,LY,Libya,,1419,42,1621,82,1471,128,1323,9.0,33.0,10.0,33.0,12.0,47.0,28.0,93.0,7.0,30.0,5.0,40.0,448,161,165,122,162,182,104,607,603
102,NE,Niger,,1409,98,1409,133,1238,159,1081,23.0,72.0,30.0,87.0,52.0,178.0,57.0,193.0,36.0,139.0,33.0,124.0,286,100,117,69,65,155,66,283,510
103,LU,Luxembourg,,1407,24,1520,108,1256,191,979,13.0,48.0,12.0,51.0,16.0,63.0,20.0,81.0,4.0,16.0,44.0,169.0,469,255,198,16,52,355,62,303,1221
104,KZ,Kazakhstan,,1406,51,1615,101,1419,131,1303,4.0,5.0,8.0,19.0,10.0,37.0,19.0,79.0,10.0,43.0,7.0,18.0,268,100,123,45,68,143,57,279,450
105,CN,China,,1400,17,1753,50,1578,112,1373,4.0,0.0,1.0,1.0,4.0,13.0,16.0,56.0,15.0,60.0,37.0,159.0,761,274,263,224,368,231,162,1420,863
105,AM,Armenia,,1400,61,1589,102,1419,143,1244,1.0,13.0,5.0,14.0,7.0,24.0,17.0,62.0,16.0,68.0,16.0,84.0,278,111,131,36,66,155,57,279,525
107,MZ,Mozambique,,1398,83,1496,116,1330,152,1208,12.0,35.0,19.0,66.0,13.0,45.0,15.0,57.0,23.0,87.0,25.0,87.0,435,165,176,94,137,187,111,457,565
108,KM,Comoros,,1389,96,1433,186,935,206,830,12.0,36.0,9.0,24.0,0.0,2.0,52.0,178.0,49.0,184.0,92.0,468.0,147,27,33,87,38,76,33,132,231
109,ZM,Zambia,,1374,31,1711,59,1552,126,1344,1.0,10.0,8.0,32.0,11.0,19.0,35.0,141.0,18.0,84.0,18.0,106.0,868,280,354,234,390,256,222,1378,936
110,KP,North Korea,,1373,16,1801,62,1568,131,1313,4.0,0.0,4.0,6.0,3.0,22.0,4.0,3.0,2.0,3.0,35.0,158.0,422,50,151,221,179,127,116,659,448
111,MQ,Martinique,,1372,39,1564,79,1458,126,1329,4.0,0.0,6.0,0.0,10.0,45.0,18.0,69.0,17.0,73.0,9.0,56.0,365,135,122,108,165,113,87,671,481
112,FO,Faroe Islands,,1371,61,1371,122,1252,168,1155,35.0,95.0,35.0,100.0,41.0,124.0,41.0,124.0,33.0,111.0,38.0,138.0,278,119,138,21,48,193,37,208,636
113,SD,Sudan,,1367,23,1709,89,1447,155,1227,8.0,28.0,8.0,28.0,16.0,66.0,31.0,84.0,18.0,65.0,12.0,28.0,538,154,201,183,184,216,138,625,706
114,AZ,Azerbaijan,,1363,62,1551,107,1398,143,1257,4.0,2.0,5.0,5.0,12.0,51.0,22.0,85.0,1.0,1.0,6.0,50.0,318,112,152,54,65,173,80,255,535
115,TH,Thailand,,1359,66,1550,112,1317,139,1124,7.0,10.0,3.0,22.0,23.0,92.0,6.0,26.0,1.0,1.0,6.0,47.0,935,391,199,345,365,359,211,1479,1403
116,KE,Kenya,,1356,53,1562,90,1380,140,1239,3.0,22.0,3.0,24.0,13.0,55.0,1.0,1.0,8.0,32.0,1.0,18.0,770,291,279,200,291,289,190,1060,1048
117,MG,Madagascar,,1350,68,1508,104,1366,167,1162,26.0,64.0,19.0,50.0,16.0,42.0,24.0,57.0,18.0,73.0,21.0,79.0,354,121,120,113,135,142,77,490,529
118,LB,Lebanon,,1348,77,1469,109,1327,165,1164,11.0,22.0,7.0,7.0,16.0,45.0,18.0,42.0,14.0,56.0,5.0,33.0,413,141,141,131,120,184,109,497,617
119,SL,Sierra Leone,,1346,65,1552,104,1368,158,1183,9.0,19.0,8.0,19.0,9.0,15.0,11.0,26.0,8.0,29.0,8.0,12.0,333,115,138,80,97,149,87,325,471
119,SV,El Salvador,,1346,32,1609,71,1473,120,1331,0.0,16.0,10.0,44.0,10.0,41.0,16.0,60.0,35.0,138.0,29.0,136.0,680,208,206,266,225,303,152,858,1015
121,RE,Reunion,,1345,72,1395,125,1183,159,1047,2.0,0.0,1.0,0.0,4.0,0.0,1.0,0.0,8.0,24.0,8.0,36.0,139,53,38,48,55,55,29,237,252
122,EE,Estonia,,1344,32,1541,93,1353,174,1090,5.0,23.0,15.0,48.0,10.0,28.0,10.0,35.0,11.0,34.0,30.0,132.0,535,230,252,53,131,285,119,525,953
123,TG,Togo,,1342,48,1604,89,1440,146,1253,7.0,28.0,5.0,28.0,2.0,12.0,13.0,40.0,5.0,28.0,23.0,100.0,493,179,199,115,156,210,127,531,671
124,MR,Mauritania,,1341,98,1424,155,1117,179,916,2.0,9.0,2.0,4.0,3.0,7.0,25.0,77.0,16.0,47.0,17.0,75.0,293,92,100,101,55,168,70,212,516
125,ZW,Zimbabwe,,1340,43,1576,78,1462,145,1279,23.0,59.0,20.0,55.0,14.0,42.0,6.0,21.0,23.0,71.0,6.0,18.0,543,189,220,134,203,181,159,724,655
126,ID,Indonesia,,1339,39,1579,101,1360,180,1094,6.0,16.0,0.0,1.0,7.0,18.0,13.0,42.0,53.0,222.0,32.0,131.0,785,249,194,342,298,333,154,1320,1278
127,GP,Guadeloupe,,1338,49,1529,91,1408,166,1179,3.0,0.0,12.0,38.0,2.0,12.0,8.0,27.0,27.0,130.0,2.0,13.0,293,92,89,112,128,114,51,507,410
128,TZ,Tanzania,,1337,65,1509,117,1290,169,1125,25.0,60.0,26.0,68.0,14.0,29.0,7.0,5.0,9.0,53.0,9.0,62.0,645,241,235,169,189,274,182,730,942
129,,,,1329,97,1430,136,1272,169,1116,17.0,53.0,8.0,25.0,7.0,27.0,17.0,50.0,7.0,7.0,11.0,37.0,300,102,118,80,77,132,91,295,417
130,CY,Cyprus,,1325,62,1575,101,1379,140,1251,6.0,26.0,7.0,28.0,10.0,35.0,3.0,9.0,4.0,3.0,23.0,98.0,424,234,184,6,83,268,73,380,922
131,VN,Vietnam,,1324,62,1515,121,1295,179,1091,2.0,5.0,11.0,33.0,21.0,76.0,24.0,70.0,28.0,84.0,26.0,111.0,523,173,130,220,219,201,103,916,774
132,ZN,Zanzibar,,1323,100,1369,146,1115,169,937,1.0,0.0,1.0,0.0,1.0,0.0,3.0,2.0,7.0,2.0,4.0,47.0,214,35,44,135,38,131,45,183,457
133,BW,Botswana,,1319,100,1437,150,1166,190,995,12.0,33.0,11.0,26.0,7.0,25.0,14.0,29.0,3.0,25.0,1.0,8.0,360,163,134,63,97,159,104,308,472
134,RW,Rwanda,,1311,96,1463,144,1205,176,1035,3.0,12.0,6.0,14.0,10.0,35.0,15.0,45.0,12.0,57.0,24.0,81.0,287,103,101,83,87,126,74,290,364
135,MY,Malaysia,,1310,58,1549,123,1286,185,1052,5.0,20.0,16.0,51.0,7.0,23.0,11.0,28.0,23.0,107.0,37.0,165.0,933,391,241,301,361,359,213,1514,1356
135,KG,Kyrgyzstan,,1310,127,1328,156,1198,178,1088,8.0,18.0,0.0,8.0,6.0,21.0,19.0,77.0,4.0,41.0,36.0,163.0,188,47,74,67,55,103,30,206,331
137,LR,Liberia,,1308,70,1520,112,1342,154,1220,13.0,45.0,13.0,45.0,14.0,59.0,3.0,12.0,13.0,19.0,11.0,28.0,336,144,143,49,90,172,74,313,514
138,MD,Moldova,,1307,65,1555,109,1393,164,1169,5.0,12.0,6.0,15.0,16.0,42.0,12.0,23.0,9.0,74.0,19.0,51.0,296,111,144,41,60,168,68,241,509
139,NI,Nicaragua,,1297,65,1373,146,1029,197,898,9.0,28.0,7.0,25.0,23.0,66.0,12.0,32.0,15.0,89.0,17.0,83.0,248,62,97,89,53,164,31,255,612
140,NC,New Caledonia,,1296,49,1535,102,1360,176,1091,2.0,9.0,2.0,9.0,10.0,46.0,21.0,96.0,0.0,28.0,19.0,59.0,286,89,71,126,142,109,35,741,418
141,KW,Kuwait,,1294,28,1732,83,1467,142,1178,2.0,3.0,12.0,30.0,18.0,54.0,35.0,101.0,41.0,123.0,47.0,166.0,744,266,175,303,311,242,191,1164,852
142,TJ,Tajikistan,,1293,72,1505,124,1329,165,1191,1.0,7.0,1.0,5.0,4.0,1.0,27.0,70.0,6.0,64.0,11.0,70.0,210,54,84,72,78,88,44,295,307
143,DO,Dominican Republic,,1286,104,1291,159,1057,188,946,3.0,4.0,5.0,5.0,3.0,24.0,13.0,65.0,21.0,104.0,26.0,121.0,186,82,63,41,69,88,29,295,300
144,LV,Latvia,,1278,41,1575,87,1401,155,1217,9.0,23.0,4.0,12.0,7.0,22.0,26.0,74.0,6.0,51.0,46.0,176.0,455,191,210,54,127,218,110,534,751
145,LT,Lithuania,,1272,47,1662,91,1318,151,1050,8.0,22.0,7.0,19.0,11.0,31.0,21.0,65.0,27.0,79.0,42.0,155.0,415,167,205,43,105,229,81,412,753
146,ET,Ethiopia,,1265,39,1639,98,1396,153,1239,1.0,15.0,1.0,15.0,1.0,5.0,12.0,50.0,2.0,4.0,15.0,51.0,467,213,160,94,167,198,102,648,687
147,GY,Guyana,,1264,15,1523,104,1294,182,1045,2.0,0.0,1.0,5.0,8.0,47.0,3.0,8.0,5.0,46.0,5.0,40.0,448,179,190,79,138,221,89,572,776
148,MT,Malta,,1248,78,1436,117,1325,171,1156,4.0,3.0,4.0,8.0,4.0,33.0,4.0,2.0,13.0,52.0,0.0,12.0,451,245,180,26,64,310,77,292,1010
149,MW,Malawi,,1245,51,1584,114,1329,151,1097,2.0,12.0,4.0,35.0,1.0,13.0,24.0,87.0,27.0,91.0,27.0,109.0,692,305,240,147,229,262,201,808,894
149,GW,Guinea-Bissau,,1245,85,1416,126,1281,162,1180,1.0,20.0,6.0,38.0,32.0,116.0,45.0,159.0,17.0,56.0,12.0,50.0,214,66,62,86,58,103,53,214,314
151,BI,Burundi,,1240,85,1465,124,1287,168,1165,13.0,53.0,7.0,42.0,8.0,44.0,3.0,33.0,7.0,37.0,27.0,103.0,238,51,87,100,72,111,55,266,329
152,CF,Central African Republic,,1239,81,1417,124,1296,166,1178,6.0,40.0,3.0,28.0,23.0,87.0,20.0,79.0,33.0,108.0,9.0,10.0,162,32,67,63,36,93,33,180,322
153,LS,Lesotho,,1224,123,1327,152,1176,179,1102,4.0,2.0,1.0,13.0,6.0,19.0,4.0,7.0,20.0,74.0,13.0,50.0,345,112,145,88,68,176,101,273,567
154,GF,French Guiana,,1221,71,1396,125,1245,172,1108,4.0,0.0,4.0,0.0,5.0,33.0,10.0,62.0,11.0,42.0,20.0,80.0,190,67,67,56,57,92,41,280,328
155,YT,Mayotte,,1217,148,1234,157,1202,174,1125,4.0,0.0,4.0,0.0,0.0,0.0,2.0,0.0,4.0,8.0,0.0,2.0,41,2,11,28,13,17,11,55,59
156,TM,Turkmenistan,,1212,70,1535,117,1356,161,1205,4.0,39.0,4.0,3.0,3.0,7.0,2.0,21.0,14.0,53.0,11.0,34.0,184,41,74,69,70,80,34,283,276
157,SW,Eswatini,,1211,118,1350,152,1171,181,1066,2.0,6.0,0.0,13.0,0.0,5.0,14.0,77.0,20.0,88.0,15.0,42.0,322,122,131,69,71,156,95,296,538
158,CG,Congo,,1209,32,1694,82,1473,158,1209,3.0,16.0,2.0,16.0,13.0,58.0,11.0,67.0,48.0,170.0,65.0,252.0,477,180,191,106,173,188,116,682,670
159,CU,Cuba,,1181,21,1683,86,1420,160,1092,4.0,44.0,6.0,67.0,20.0,110.0,17.0,111.0,19.0,87.0,44.0,197.0,502,115,217,170,189,198,115,688,707
160,TI,Tahiti,,1178,48,1593,102,1388,171,1138,1.0,0.0,1.0,0.0,1.0,3.0,5.0,28.0,2.0,16.0,7.0,45.0,256,58,73,125,136,83,37,693,385
161,FJ,Fiji,,1173,77,1470,128,1250,163,1072,7.0,55.0,6.0,55.0,4.0,43.0,1.0,23.0,12.0,55.0,22.0,96.0,283,106,62,115,126,103,54,643,454
162,HK,Hong Kong,,1172,61,1520,123,1285,181,1056,5.0,36.0,3.0,35.0,9.0,66.0,18.0,108.0,6.0,2.0,0.0,21.0,517,184,154,179,183,232,102,831,875
163,VC,St. Vincent and the Grenadines,,1170,58,1500,110,1324,185,1037,3.0,30.0,3.0,34.0,6.0,59.0,20.0,119.0,2.0,8.0,1.0,13.0,361,138,135,88,129,148,84,559,640
164,IN,India,,1149,22,1690,111,1337,186,1025,0.0,8.0,2.0,12.0,1.0,25.0,13.0,102.0,1.0,41.0,22.0,124.0,602,174,167,261,217,259,126,825,989
165,SS,South Sudan,,1143,165,1156,179,1087,188,1020,4.0,10.0,2.0,10.0,7.0,43.0,4.0,9.0,19.0,86.0,15.0,65.0,78,16,29,33,12,50,16,51,142
166,ER,Eritrea,,1141,142,1246,164,1159,185,1057,2.0,0.0,2.0,0.0,0.0,0.0,0.0,0.0,8.0,0.0,15.0,66.0,84,20,27,37,15,50,19,57,136
167,PH,Philippines,,1139,27,1352,135,1062,221,679,3.0,7.0,2.0,11.0,9.0,55.0,15.0,85.0,5.0,13.0,27.0,129.0,394,109,125,160,95,240,59,416,1028
168,PR,Puerto Rico,,1134,93,1167,164,940,203,841,0.0,0.0,3.0,17.0,0.0,15.0,3.0,16.0,23.0,160.0,15.0,72.0,198,71,72,55,44,123,31,224,495
169,YE,Yemen,,1132,109,1368,143,1212,178,1077,3.0,13.0,3.0,25.0,3.0,32.0,8.0,49.0,13.0,75.0,1.0,22.0,291,55,85,151,64,172,55,293,568
170,SB,Solomon Islands,,1128,109,1383,146,1186,177,1043,1.0,0.0,1.0,0.0,8.0,48.0,33.0,175.0,1.0,32.0,3.0,45.0,218,59,61,98,94,88,36,474,410
171,BM,Bermuda,,1125,91,1433,127,1286,177,1084,9.0,44.0,3.0,6.0,6.0,28.0,7.0,36.0,36.0,171.0,22.0,110.0,232,105,81,46,79,109,44,373,403
172,GD,Grenada,,1121,46,1548,101,1372,186,1061,1.0,15.0,4.0,48.0,7.0,46.0,2.0,25.0,19.0,91.0,2.0,1.0,305,113,115,77,102,125,78,486,547
173,TD,Chad,,1118,107,1317,135,1243,173,1118,10.0,35.0,10.0,33.0,9.0,45.0,10.0,65.0,7.0,58.0,29.0,130.0,180,44,58,78,35,104,41,163,334
174,SG,Singapore,,1103,80,1413,134,1227,187,1042,2.0,22.0,4.0,45.0,4.0,7.0,7.0,33.0,5.0,57.0,14.0,98.0,770,319,185,266,240,371,159,1031,1391
174,PG,Papua New Guinea,,1103,135,1222,165,1092,188,1020,0.0,0.0,1.0,0.0,6.0,43.0,6.0,32.0,1.0,46.0,10.0,52.0,162,27,43,92,52,80,30,347,354
176,MU,Mauritius,,1090,36,1634,107,1336,194,929,1.0,4.0,6.0,47.0,8.0,51.0,9.0,60.0,12.0,83.0,2.0,2.0,357,123,151,83,100,174,83,450,572
177,AD,Andorra,,1087,169,1129,182,1050,195,953,0.0,21.0,0.0,21.0,0.0,7.0,5.0,26.0,6.0,6.0,15.0,127.0,224,90,102,32,14,179,31,75,532
178,ST,Sao Tome and Principe,,1058,153,1120,174,1063,188,994,5.0,18.0,5.0,18.0,5.0,10.0,1.0,8.0,4.0,33.0,1.0,28.0,81,26,34,21,12,58,11,60,208
179,BZ,Belize,,1056,61,1201,139,1114,185,1029,1.0,0.0,4.0,29.0,1.0,4.0,1.0,16.0,4.0,82.0,16.0,131.0,125,45,43,37,30,72,23,128,237
180,KN,St. Kitts and Nevis,,1047,87,1388,137,1175,185,1025,5.0,22.0,7.0,56.0,5.0,46.0,5.0,47.0,20.0,151.0,29.0,183.0,248,119,79,50,103,99,46,425,384
181,VU,Vanuatu,,1046,110,1266,156,1106,191,963,1.0,0.0,0.0,0.0,7.0,51.0,8.0,62.0,14.0,127.0,16.0,136.0,222,52,50,120,68,124,30,394,479
182,LC,St. Lucia,,1039,67,1353,125,1242,192,977,2.0,0.0,2.0,4.0,5.0,41.0,12.0,85.0,4.0,5.0,5.0,62.0,259,87,107,65,90,127,42,359,470
183,AF,Afghanistan,,1031,94,1161,167,917,210,774,4.0,22.0,4.0,26.0,16.0,96.0,7.0,60.0,7.0,106.0,1.0,42.0,163,8,65,90,37,88,38,150,329
184,MF,Saint Martin,,1024,155,1120,187,982,214,756,2.0,20.0,1.0,5.0,5.0,48.0,17.0,129.0,22.0,170.0,22.0,159.0,82,18,35,29,31,42,9,130,187
185,GI,Gibraltar,,1023,168,1152,178,1083,189,1017,5.0,23.0,5.0,30.0,5.0,37.0,4.0,35.0,5.0,89.0,9.0,96.0,112,37,47,28,16,81,15,61,333
186,JS,Jersey,,1002,185,1002,188,1001,190,992,0.0,0.0,0.0,0.0,1.0,0.0,0.0,0.0,3.0,0.0,3.0,10.0,2,0,0,2,1,0,1,4,3
187,EH,Western Sahara,,996,186,996,189,996,191,996,0.0,0.0,0.0,0.0,1.0,0.0,0.0,0.0,3.0,0.0,1.0,0.0,1,0,1,0,0,1,0,0,6
188,MS,Montserrat,,971,115,1021,191,639,236,526,0.0,0.0,2.0,20.0,2.0,6.0,1.0,4.0,17.0,111.0,39.0,327.0,74,15,26,33,18,48,8,76,235
189,DM,Dominica,,970,59,1330,131,1198,198,935,0.0,0.0,1.0,5.0,2.0,21.0,1.0,12.0,2.0,52.0,4.0,15.0,242,69,97,76,60,129,53,285,481
190,GL,Greenland,,946,164,1035,185,975,197,946,1.0,0.0,1.0,0.0,2.0,0.0,3.0,7.0,2.0,17.0,1.0,17.0,22,2,7,13,5,16,1,35,50
191,MM,Myanmar,,942,33,1683,132,1234,201,892,1.0,5.0,2.0,4.0,6.0,31.0,6.0,26.0,6.0,105.0,6.0,92.0,548,116,137,295,216,230,102,885,947
192,BB,Barbados,,938,54,1405,120,1246,196,930,0.0,0.0,3.0,16.0,4.0,40.0,1.0,32.0,11.0,162.0,19.0,206.0,370,168,132,70,115,159,96,481,605
193,SX,Sint Maarten,,933,163,976,187,908,213,758,0.0,0.0,1.0,0.0,3.0,18.0,13.0,86.0,19.0,169.0,6.0,9.0,71,16,24,31,21,39,11,101,190
194,AW,Aruba,,918,51,1437,126,1195,204,880,2.0,0.0,4.0,4.0,0.0,18.0,4.0,56.0,9.0,27.0,3.0,14.0,203,83,79,41,49,111,43,287,465
194,DJ,Djibouti,,918,103,943,178,872,215,749,0.0,12.0,1.0,12.0,1.0,25.0,4.0,3.0,8.0,21.0,17.0,146.0,118,28,38,52,10,97,11,82,419
196,BD,Bangladesh,,913,148,1141,181,982,210,791,3.0,8.0,0.0,7.0,1.0,2.0,1.0,11.0,12.0,83.0,2.0,13.0,323,92,90,141,85,165,73,291,578
197,NP,Nepal,,912,167,1005,190,888,210,726,2.0,8.0,5.0,30.0,3.0,14.0,1.0,9.0,1.0,7.0,7.0,22.0,296,76,88,132,68,174,54,249,673
198,AG,Antigua and Barbuda,,909,102,1319,144,1180,200,909,0.0,0.0,1.0,9.0,3.0,13.0,15.0,142.0,27.0,248.0,52.0,334.0,283,114,101,68,95,135,53,393,487
199,SO,Somalia,,906,132,1218,166,1072,207,836,2.0,7.0,0.0,7.0,2.0,9.0,1.0,7.0,2.0,12.0,8.0,48.0,144,10,44,90,13,111,20,75,373
200,MC,Monaco,,903,193,909,199,900,202,890,1.0,0.0,2.0,0.0,1.0,0.0,1.0,0.0,0.0,0.0,1.0,6.0,9,0,1,8,4,2,3,11,15
201,LI,Liechtenstein,,901,143,1243,166,1119,201,901,2.0,4.0,0.0,5.0,11.0,64.0,9.0,57.0,23.0,218.0,42.0,302.0,253,113,123,17,18,203,32,102,710
202,TW,Taiwan,,869,15,1766,144,1171,213,759,0.0,11.0,3.0,44.0,0.0,21.0,8.0,63.0,7.0,73.0,8.0,81.0,336,94,108,134,96,189,51,461,780
203,MV,Maldives,,854,162,1173,191,884,209,712,2.0,15.0,0.0,21.0,0.0,26.0,1.0,26.0,9.0,93.0,17.0,171.0,237,61,82,94,66,132,39,287,531
204,SC,Seychelles,,841,158,1123,181,988,205,841,1.0,9.0,0.0,9.0,0.0,17.0,0.0,18.0,5.0,65.0,10.0,113.0,188,51,58,79,26,130,32,143,423
205,BQ,Bonaire,,836,79,1126,150,1036,208,820,1.0,0.0,2.0,0.0,0.0,13.0,2.0,25.0,12.0,121.0,15.0,153.0,99,17,52,30,23,64,12,110,246
206,KH,Cambodia,,835,93,1386,156,1063,223,675,1.0,0.0,0.0,2.0,1.0,2.0,1.0,13.0,1.0,3.0,9.0,96.0,316,81,92,143,72,200,44,362,816
207,SM,San Marino,,833,165,1015,194,918,213,770,3.0,12.0,2.0,12.0,3.0,43.0,5.0,55.0,2.0,8.0,2.0,50.0,222,107,108,7,3,208,11,40,881
208,PK,Pakistan,,832,67,1464,153,1106,210,782,1.0,19.0,1.0,10.0,0.0,8.0,1.0,4.0,4.0,45.0,13.0,118.0,282,63,94,125,63,168,51,268,625
209,KY,Cayman Islands,,821,153,1141,183,1004,210,799,1.0,0.0,1.0,8.0,3.0,17.0,0.0,7.0,11.0,93.0,13.0,126.0,124,56,38,30,24,76,24,117,306
210,HG,Heungnam,,785,208,808,211,787,213,776,0.0,0.0,1.0,0.0,1.0,0.0,1.0,0.0,1.0,9.0,1.0,23.0,4,0,0,4,1,2,1,8,10
211,BS,Bahamas,,783,158,943,189,876,212,783,0.0,0.0,1.0,9.0,2.0,9.0,3.0,40.0,10.0,116.0,9.0,119.0,86,30,31,25,17,58,11,88,279
212,LK,Sri Lanka,,782,115,1054,179,907,227,643,0.0,6.0,2.0,50.0,5.0,76.0,8.0,98.0,15.0,122.0,0.0,15.0,279,66,88,125,55,175,49,268,685
213,TV,Tuvalu,,756,179,819,204,745,217,719,0.0,0.0,1.0,0.0,1.0,0.0,1.0,18.0,1.0,18.0,4.0,31.0,34,0,4,30,9,21,4,47,182
214,EU,Europe XI,,737,211,757,213,753,215,711,0.0,0.0,1.0,0.0,0.0,0.0,1.0,20.0,1.0,20.0,0.0,20.0,11,3,8,0,5,2,4,33,30
215,WS,Samoa,,729,183,745,211,658,226,601,0.0,0.0,0.0,0.0,0.0,5.0,7.0,51.0,9.0,51.0,4.0,24.0,77,28,15,34,23,50,4,109,279
215,MN,Mongolia,,729,148,897,190,841,227,648,0.0,0.0,0.0,0.0,2.0,26.0,5.0,64.0,1.0,3.0,10.0,56.0,100,22,37,41,21,68,11,99,281
217,BL,Saint Barthelemy,,725,215,730,217,705,221,694,0.0,0.0,0.0,0.0,1.0,0.0,2.0,0.0,0.0,12.0,4.0,31.0,10,7,3,0,4,5,1,25,29
218,GU,Guam,,712,179,894,206,694,232,531,1.0,0.0,0.0,0.0,3.0,32.0,0.0,14.0,3.0,22.0,15.0,179.0,128,25,42,61,30,85,13,161,577
219,LA,Laos,,709,146,1015,186,896,227,644,1.0,5.0,3.0,24.0,5.0,43.0,7.0,43.0,3.0,19.0,11.0,107.0,232,47,68,117,42,155,35,234,734
220,WF,Wallis and Futuna,,701,169,734,201,700,220,674,0.0,0.0,1.0,0.0,2.0,0.0,3.0,0.0,1.0,0.0,0.0,0.0,24,0,5,19,5,19,0,23,109
221,VA,Vatican City,,692,212,705,218,697,222,686,0.0,0.0,1.0,0.0,2.0,0.0,2.0,0.0,0.0,0.0,1.0,6.0,5,0,0,5,0,3,2,1,6
222,AB,Abkhazia,,691,216,701,223,674,227,671,0.0,0.0,1.0,0.0,2.0,0.0,2.0,20.0,4.0,20.0,4.0,20.0,8,5,3,0,2,4,2,25,26
223,TL,Timor-Leste,,682,215,740,226,627,236,529,0.0,7.0,2.0,24.0,0.0,8.0,8.0,71.0,5.0,43.0,7.0,52.0,90,5,46,39,11,71,8,82,281
224,PM,Saint Pierre and Miquelon,,677,217,698,223,678,226,677,0.0,0.0,1.0,0.0,2.0,0.0,1.0,0.0,1.0,0.0,0.0,0.0,7,0,0,7,0,7,0,2,78
225,TC,Turks and Caicos Islands,,658,205,830,211,768,230,632,1.0,9.0,1.0,9.0,1.0,9.0,9.0,55.0,15.0,142.0,12.0,103.0,55,16,22,17,13,36,6,54,192
226,BN,Brunei,,655,169,947,201,777,232,594,1.0,13.0,2.0,8.0,1.0,10.0,6.0,59.0,4.0,33.0,5.0,50.0,149,28,42,79,27,109,13,118,480
227,TE,Terenga,,630,177,691,208,666,231,630,0.0,0.0,1.0,0.0,0.0,0.0,1.0,0.0,2.0,0.0,1.0,1.0,10,0,3,7,0,9,1,8,38
228,VG,British Virgin Islands,,626,173,932,206,789,232,590,0.0,1.0,2.0,4.0,0.0,0.0,3.0,41.0,3.0,18.0,1.0,3.0,133,35,60,38,20,90,23,114,396
229,CK,Cook Islands,,622,175,738,206,682,231,622,0.0,0.0,1.0,0.0,0.0,0.0,8.0,57.0,6.0,64.0,7.0,64.0,56,4,14,38,13,39,4,50,276
230,VI,US Virgin Islands,,618,209,747,219,685,233,586,3.0,32.0,3.0,32.0,3.0,32.0,1.0,8.0,12.0,87.0,12.0,88.0,78,27,33,18,9,56,13,49,292
230,BT,Bhutan,,618,185,694,218,600,238,523,0.0,2.0,3.0,18.0,1.0,2.0,0.0,3.0,4.0,54.0,4.0,46.0,110,18,38,54,11,91,8,63,395
232,AI,Anguilla,,615,196,649,224,556,237,497,1.0,2.0,3.0,11.0,3.0,7.0,3.0,50.0,4.0,68.0,3.0,52.0,113,31,49,33,13,86,14,68,405
233,MO,Macau,,594,98,1123,173,957,233,594,1.0,0.0,1.0,3.0,1.0,20.0,6.0,71.0,13.0,103.0,3.0,19.0,168,55,55,58,25,125,18,148,502
234,CX,Christmas Island,,578,219,614,228,577,235,513,0.0,0.0,0.0,0.0,0.0,0.0,1.0,0.0,1.0,0.0,1.0,0.0,10,6,4,0,7,2,1,29,8
235,FK,Falkland Islands,,571,223,593,229,586,235,571,0.0,0.0,0.0,0.0,0.0,0.0,1.0,0.0,3.0,9.0,3.0,9.0,4,0,1,3,0,4,0,0,25
236,FM,Micronesia,,563,219,617,230,571,237,563,0.0,0.0,0.0,0.0,0.0,0.0,0.0,0.0,1.0,0.0,1.0,0.0,8,1,3,4,1,7,0,8,64
237,MH,Marshall Islands,,559,235,571,237,559,237,559,,,,,,,,,,,,,2,0,0,2,0,2,0,2,7
238,KI,Kiribati,,545,188,599,219,579,238,545,1.0,0.0,1.0,0.0,1.0,0.0,1.0,0.0,1.0,0.0,0.0,0.0,11,0,2,9,0,10,1,7,126
239,TO,Tonga,,520,181,727,213,653,239,480,1.0,0.0,1.0,0.0,1.0,0.0,1.0,7.0,1.0,7.0,4.0,43.0,70,10,15,45,16,48,6,82,265
240,NU,Niue,,496,194,500,225,496,240,496,1.0,0.0,1.0,0.0,1.0,0.0,1.0,0.0,1.0,0.0,1.0,0.0,2,0,0,2,0,2,0,0,33
241,MP,Northern Mariana Islands,,432,214,682,233,513,243,395,1.0,0.0,1.0,0.0,1.0,20.0,1.0,28.0,1.0,23.0,0.0,30.0,36,7,11,18,5,28,3,43,153
242,CC,Cocos (Keeling) Islands,,422,222,487,234,423,242,386,1.0,0.0,1.0,0.0,1.0,0.0,1.0,0.0,1.0,0.0,0.0,0.0,10,4,6,0,2,7,1,8,29
243,PW,Palau,,402,225,442,237,402,243,402,1.0,0.0,1.0,0.0,1.0,0.0,0.0,0.0,0.0,0.0,0.0,0.0,2,2,0,0,0,2,0,3,27
244,AS,American Samoa,,389,190,628,226,469,244,335,1.0,0.0,1.0,0.0,1.0,0.0,4.0,83.0,4.0,83.0,4.0,74.0,57,0,15,42,5,50,2,34,374
